-- phpMyAdmin SQL Dump
-- version 4.7.0
-- https://www.phpmyadmin.net/
--
-- Host: 127.0.0.1
-- Generation Time: Jul 25, 2023 at 08:50 AM
-- Server version: 10.1.24-MariaDB
-- PHP Version: 7.1.6

SET SQL_MODE = "NO_AUTO_VALUE_ON_ZERO";
SET AUTOCOMMIT = 0;
START TRANSACTION;
SET time_zone = "+00:00";


/*!40101 SET @OLD_CHARACTER_SET_CLIENT=@@CHARACTER_SET_CLIENT */;
/*!40101 SET @OLD_CHARACTER_SET_RESULTS=@@CHARACTER_SET_RESULTS */;
/*!40101 SET @OLD_COLLATION_CONNECTION=@@COLLATION_CONNECTION */;
/*!40101 SET NAMES utf8mb4 */;

--
-- Database: `foodorder`
--

-- --------------------------------------------------------

--
-- Table structure for table `contact`
--

CREATE TABLE `contact` (
  `Name` varchar(100) NOT NULL,
  `Email` varchar(100) NOT NULL,
  `Mobile` varchar(100) NOT NULL,
  `Subject` varchar(100) NOT NULL,
  `Message` varchar(100) NOT NULL
) ENGINE=InnoDB DEFAULT CHARSET=latin1;

--
-- Dumping data for table `contact`
--

INSERT INTO `contact` (`Name`, `Email`, `Mobile`, `Subject`, `Message`) VALUES
('Chandan', 'ck123@gmail.com', '8787878676', 'Feedback', 'Food was very tasty.');

-- --------------------------------------------------------

--
-- Table structure for table `customer`
--

CREATE TABLE `customer` (
  `username` varchar(30) NOT NULL,
  `fullname` varchar(30) NOT NULL,
  `email` varchar(30) NOT NULL,
  `contact` varchar(30) NOT NULL,
  `address` varchar(50) NOT NULL,
  `password` varchar(30) NOT NULL
) ENGINE=InnoDB DEFAULT CHARSET=utf8;

--
-- Dumping data for table `customer`
--

INSERT INTO `customer` (`username`, `fullname`, `email`, `contact`, `address`, `password`) VALUES
('birju', 'BikaSH', 'bkm12@gmail.com', '89037676767', 'varanasi', 'Birju123@'),
('ckumar', 'CHANDAN KUMAR', 'ck445454@gmail.com', '9445345455', 'uttar pradesh', 'Ckumar123@'),
('nidha', 'nidha', 'nidha@gmail.com', '998696572', 'Maharashtra', 'suhail'),
('niharika', 'Niharika', 'nk123@gmail.com', '7676767676', 'Delhi', 'Nk1234@'),
('pratheek083', 'Pratheek Shiri', 'pratheek@gmail.com', '8779546521', 'Hyderabad', 'pratheek'),
('rakshithk00', 'Rakshith Kotian', 'rakshith@gmail.com', '9547123658', 'Gujarath', 'rakshith'),
('sk123@gmail.com', 'Niharika', 'nk123@gmail.com', '7676767676', 'UTKRAMIT M S BAGAHI GYANI JEE KE TOLA,BAIRIYA WEST', 'Niharika');

-- --------------------------------------------------------

--
-- Table structure for table `food`
--

CREATE TABLE `food` (
  `F_ID` int(30) NOT NULL,
  `name` varchar(30) NOT NULL,
  `price` int(30) NOT NULL,
  `description` varchar(200) NOT NULL,
  `R_ID` int(30) NOT NULL,
  `images_path` varchar(200) NOT NULL,
  `options` varchar(10) NOT NULL DEFAULT 'ENABLE'
) ENGINE=InnoDB DEFAULT CHARSET=utf8;

--
-- Dumping data for table `food`
--

INSERT INTO `food` (`F_ID`, `name`, `price`, `description`, `R_ID`, `images_path`, `options`) VALUES
(58, 'Juicy Masala Paneer Kathi Roll', 40, 'Juicy Masala Paneer Kathi Roll loaded with Masala Paneer chunks, onion & Mayo.', 1, 'images/Masala_Paneer_Kathi_Roll.jpg', 'ENABLE'),
(59, 'Meurig Fish', 60, 'Try Meurig - A whole Pomfret fish grilled with tangy marination & served with grilled onions and tomatoes.', 2, 'images/Meurig.jpg', 'ENABLE'),
(60, 'Chocolate Hazelnut Truffle', 99, 'Lose all senses over this very delicious chocolate hazelnut truffle.', 3, 'images/Chocolate_Hazelnut_Truffle.jpg', 'ENABLE'),
(61, 'Happy Happy Choco Chip Shake', 80, 'Happy Happy Choco Chip Shake - a perfect party sweet treat.', 1, 'images/Happy_Happy_Choco_Chip_Shake.jpg', 'ENABLE'),
(62, 'Spring Rolls', 65, 'Delicious Spring Rolls by Dragon Hut, Delhi. Order now!!!', 2, 'images/Spring_Rolls.jpg', 'ENABLE'),
(63, 'Baahubali Thali', 75, 'Baahubali Thali is accompanied by Kattapa Biriyani, Devasena Paratha, Bhalladeva Patiala Lassi', 3, 'images/Baahubali_Thali.jpg', 'ENABLE'),
(65, 'Coffee', 25, 'concentrated', 4, 'images/coffee.jpg', 'DISABLE'),
(66, 'Tea', 20, 'The simple elixir of tea is of our natural world.', 4, 'images/tea.jpg', 'DISABLE'),
(68, 'Paneer', 85, 'it', 6, 'images/paneer pakora.jpg', 'DISABLE'),
(69, 'Coffee', 25, 'concentrated coffee made by forcing pressurized water through finely ground coffee beans.', 2, 'images/coffee.jpg', 'ENABLE'),
(70, 'Tea', 20, 'The simple elixir of tea is of our natural world.', 2, 'images/tea.jpg', 'ENABLE'),
(71, 'Samosa', 40, 'Cocktail Crispy Samosa..', 2, 'images/samosa.jpg', 'ENABLE'),
(72, 'Paneer Pakora', 45, 'it gives whole new dimension even to the most boring or dull vegetable', 2, 'images/paneer pakora.jpg', 'ENABLE'),
(73, 'Puff', 35, 'Vegetable Puff, a snack with crisp-n-flaky outer layer and mixed vegetables stuffing', 2, 'images/puff.jpg', 'ENABLE'),
(74, 'Pizza', 200, 'Good and Tasty ', 2, 'Pizza.jpg', 'DISABLE'),
(75, 'French Fries', 60, 'Pure Veg and Tasty.', 2, 'frenchfries.jpg', 'DISABLE'),
(76, 'Pakora', 35, 'Pure Vegetable and Tasty.', 2, 'images/Pakora.jpg', 'DISABLE'),
(77, 'Pizza', 200, 'Pure Vegetable and Tasty.', 2, 'images/Pizza.jpg', 'ENABLE'),
(78, 'French Fries', 75, 'Pure Veg and Tasty.', 2, 'images/frenchfries.jpg', 'ENABLE'),
(79, 'Pakora', 45, 'TASTY', 2, 'images/Pakora.jpg', 'ENABLE'),
(80, 'BreadOmelette', 20, 'Very', 4, 'images/omelette.jfif', 'ENABLE');

-- --------------------------------------------------------

--
-- Table structure for table `manager`
--

CREATE TABLE `manager` (
  `username` varchar(30) NOT NULL,
  `fullname` varchar(30) NOT NULL,
  `email` varchar(30) NOT NULL,
  `contact` varchar(30) NOT NULL,
  `address` varchar(50) NOT NULL,
  `password` varchar(30) NOT NULL
) ENGINE=InnoDB DEFAULT CHARSET=utf8;

--
-- Dumping data for table `manager`
--

INSERT INTO `manager` (`username`, `fullname`, `email`, `contact`, `address`, `password`) VALUES
('aditi068', 'Aditi Naik', 'aditi@gmail.com', '8654751259', 'Goa', 'aditi'),
('aminnikhil073', 'Nikhil Amin', 'aminnikhil073@gmail.com', '9632587412', 'Karnataka', 'nikhil'),
('ckumar', 'Chandan Kumar', 'ck33333@gmail.com', '9454545454', 'Rajasthan', 'Ckumar123'),
('dhiraj', 'DHIRAJ kUMAR', 'dk1236766@gmail.com', '87787878787', 'Pondicherry. Le cafe', 'Dhiraj'),
('roshanraj07', 'Roshan Raj', 'roshan@gmail.com', '9541258761', 'Bihar', 'roshan');

-- --------------------------------------------------------

--
-- Table structure for table `orders`
--

CREATE TABLE `orders` (
  `order_ID` int(30) NOT NULL,
  `F_ID` int(30) NOT NULL,
  `foodname` varchar(30) NOT NULL,
  `price` int(30) NOT NULL,
  `quantity` int(30) NOT NULL,
  `order_date` date NOT NULL,
  `username` varchar(30) NOT NULL,
  `R_ID` int(30) NOT NULL
) ENGINE=InnoDB DEFAULT CHARSET=utf8;

--
-- Dumping data for table `orders`
--

INSERT INTO `orders` (`order_ID`, `F_ID`, `foodname`, `price`, `quantity`, `order_date`, `username`, `R_ID`) VALUES
(31, 59, 'Meurig Fish', 60, 1, '2019-03-15', 'ckumar', 2),
(32, 61, 'Happy Happy Choco Chip Shake', 80, 1, '2019-03-15', 'ckumar', 1),
(33, 60, 'Chocolate Hazelnut Truffle', 99, 1, '2019-03-15', 'ckumar', 3),
(34, 59, 'Meurig Fish', 60, 1, '2019-03-15', 'ckumar', 2),
(35, 61, 'Happy Happy Choco Chip Shake', 80, 1, '2019-03-15', 'ckumar', 1),
(36, 62, 'Spring Rolls', 65, 1, '2019-03-15', 'ckumar', 2),
(37, 72, 'Paneer Pakora', 45, 6, '2019-03-15', 'ckumar', 2),
(38, 78, 'French Fries', 75, 7, '2019-03-15', 'ckumar', 2),
(39, 78, 'French Fries', 75, 1, '2019-03-15', 'ckumar', 2),
(40, 73, 'Puff', 35, 1, '2019-03-15', 'ckumar', 2),
(41, 77, 'Pizza', 200, 2, '2019-03-16', 'ckumar', 2),
(42, 70, 'Tea', 20, 1, '2019-03-16', 'ckumar', 2),
(43, 60, 'Chocolate Hazelnut Truffle', 99, 2, '2019-03-16', 'ckumar', 3),
(44, 70, 'Tea', 20, 1, '2019-03-16', 'ckumar', 2),
(45, 60, 'Chocolate Hazelnut Truffle', 99, 2, '2019-03-16', 'ckumar', 3),
(46, 70, 'Tea', 20, 1, '2019-03-16', 'ckumar', 2),
(47, 60, 'Chocolate Hazelnut Truffle', 99, 2, '2019-03-16', 'ckumar', 3),
(48, 60, 'Chocolate Hazelnut Truffle', 99, 4, '2019-03-25', 'ckumar', 3),
(49, 62, 'Spring Rolls', 65, 6, '2019-03-25', 'ckumar', 2),
(50, 70, 'Tea', 20, 5, '2019-03-25', 'ckumar', 2),
(51, 73, 'Puff', 35, 3, '2019-03-25', 'ckumar', 2),
(52, 70, 'Tea', 20, 1, '2019-03-30', 'ckumar', 2),
(53, 60, 'Chocolate Hazelnut Truffle', 99, 5, '2019-03-30', 'ckumar', 3),
(54, 69, 'Coffee', 25, 7, '2019-03-30', 'ckumar', 2),
(55, 62, 'Spring Rolls', 65, 1, '2019-04-01', 'ckumar', 2),
(56, 70, 'Tea', 20, 4, '2019-04-01', 'ckumar', 2),
(57, 70, 'Tea', 20, 1, '2019-04-01', 'ckumar', 2),
(58, 60, 'Chocolate Hazelnut Truffle', 99, 1, '2019-04-01', 'ckumar', 3),
(59, 59, 'Meurig Fish', 60, 6, '2019-04-02', 'ckumar', 2),
(60, 61, 'Happy Happy Choco Chip Shake', 80, 1, '2019-04-02', 'ckumar', 1),
(61, 71, 'Samosa', 40, 3, '2019-04-17', 'ckumar', 2),
(62, 70, 'Tea', 20, 4, '2019-04-17', 'ckumar', 2),
(63, 72, 'Paneer Pakora', 45, 2, '2019-04-17', 'ckumar', 2),
(64, 71, 'Samosa', 40, 3, '2019-04-17', 'ckumar', 2),
(65, 70, 'Tea', 20, 4, '2019-04-17', 'ckumar', 2),
(66, 72, 'Paneer Pakora', 45, 2, '2019-04-17', 'ckumar', 2),
(67, 60, 'Chocolate Hazelnut Truffle', 99, 1, '2019-04-18', 'ckumar', 3),
(68, 71, 'Samosa', 40, 1, '2019-04-18', 'ckumar', 2),
(69, 59, 'Meurig Fish', 60, 3, '2022-04-23', 'ckumar', 2),
(70, 58, 'Juicy Masala Paneer Kathi Roll', 40, 3, '2022-04-23', 'ckumar', 1),
(71, 70, 'Tea', 20, 4, '2022-04-23', 'ckumar', 2),
(72, 60, 'Chocolate Hazelnut Truffle', 99, 3, '2022-04-23', 'niharika', 3),
(73, 58, 'Juicy Masala Paneer Kathi Roll', 40, 4, '2022-04-23', 'niharika', 1),
(74, 69, 'Coffee', 25, 3, '2022-04-23', 'niharika', 2),
(75, 60, 'Chocolate Hazelnut Truffle', 99, 3, '2022-04-24', 'ckumar', 3),
(76, 58, 'Juicy Masala Paneer Kathi Roll', 40, 3, '2022-04-24', 'ckumar', 1),
(77, 69, 'Coffee', 25, 3, '2022-05-08', 'ckumar', 2),
(78, 61, 'Happy Happy Choco Chip Shake', 80, 5, '2022-05-08', 'ckumar', 1),
(79, 62, 'Spring Rolls', 65, 2, '2023-07-21', 'birju', 2),
(80, 63, 'Baahubali Thali', 75, 2, '2023-07-21', 'birju', 3),
(81, 62, 'Spring Rolls', 65, 2, '2023-07-21', 'birju', 2),
(82, 63, 'Baahubali Thali', 75, 2, '2023-07-21', 'birju', 3),
(83, 69, 'Coffee', 25, 4, '2023-07-21', 'birju', 2),
(84, 62, 'Spring Rolls', 65, 2, '2023-07-21', 'birju', 2),
(85, 63, 'Baahubali Thali', 75, 2, '2023-07-21', 'birju', 3),
(86, 69, 'Coffee', 25, 4, '2023-07-21', 'birju', 2),
(87, 58, 'Juicy Masala Paneer Kathi Roll', 40, 3, '2023-07-22', 'nidha', 1),
(88, 63, 'Baahubali Thali', 75, 3, '2023-07-22', 'nidha', 3),
(89, 70, 'Tea', 20, 3, '2023-07-22', 'nidha', 2),
(90, 58, 'Juicy Masala Paneer Kathi Roll', 40, 3, '2023-07-22', 'nidha', 1),
(91, 63, 'Baahubali Thali', 75, 3, '2023-07-22', 'nidha', 3),
(92, 70, 'Tea', 20, 3, '2023-07-22', 'nidha', 2),
(93, 58, 'Juicy Masala Paneer Kathi Roll', 40, 3, '2023-07-22', 'nidha', 1),
(94, 63, 'Baahubali Thali', 75, 3, '2023-07-22', 'nidha', 3),
(95, 70, 'Tea', 20, 3, '2023-07-22', 'nidha', 2);

-- --------------------------------------------------------

--
-- Table structure for table `restaurants`
--

CREATE TABLE `restaurants` (
  `R_ID` int(30) NOT NULL,
  `name` varchar(30) NOT NULL,
  `email` varchar(30) NOT NULL,
  `contact` varchar(30) NOT NULL,
  `address` varchar(50) NOT NULL,
  `M_ID` varchar(30) NOT NULL
) ENGINE=InnoDB DEFAULT CHARSET=utf8;

--
-- Dumping data for table `restaurants`
--

INSERT INTO `restaurants` (`R_ID`, `name`, `email`, `contact`, `address`, `M_ID`) VALUES
(1, 'Nikhil\'s Restaurant', 'nikhil@restaurant.com', '7998562145', 'Karnataka', 'aminnikhil073'),
(2, 'Roshan\'s Restaurant', 'roshan@restaurant.com', '9887546821', 'Bihar', 'roshanraj07'),
(3, 'Aditi\'s Restaurant', 'aditi@restaurant.com', '7778564231', 'Goa', 'aditi068'),
(4, 'Food Exploria', 'ckj4067676@gmail.com', '09667676766', 'C:\\xampp\\htdocs\\FoodExploria-master\\images/coffee.', 'ckumar'),
(6, 'Le Cafe', 'lecafepondi234@gmail.com', '9443369040', 'Pondicherry,rock beach Near,Le cafe', 'dhiraj');

--
-- Indexes for dumped tables
--

--
-- Indexes for table `customer`
--
ALTER TABLE `customer`
  ADD PRIMARY KEY (`username`);

--
-- Indexes for table `food`
--
ALTER TABLE `food`
  ADD PRIMARY KEY (`F_ID`,`R_ID`),
  ADD KEY `R_ID` (`R_ID`);

--
-- Indexes for table `manager`
--
ALTER TABLE `manager`
  ADD PRIMARY KEY (`username`);

--
-- Indexes for table `orders`
--
ALTER TABLE `orders`
  ADD PRIMARY KEY (`order_ID`),
  ADD KEY `F_ID` (`F_ID`),
  ADD KEY `username` (`username`),
  ADD KEY `R_ID` (`R_ID`);

--
-- Indexes for table `restaurants`
--
ALTER TABLE `restaurants`
  ADD PRIMARY KEY (`R_ID`),
  ADD UNIQUE KEY `M_ID_2` (`M_ID`),
  ADD KEY `M_ID` (`M_ID`);

--
-- AUTO_INCREMENT for dumped tables
--

--
-- AUTO_INCREMENT for table `food`
--
ALTER TABLE `food`
  MODIFY `F_ID` int(30) NOT NULL AUTO_INCREMENT, AUTO_INCREMENT=81;
--
-- AUTO_INCREMENT for table `orders`
--
ALTER TABLE `orders`
  MODIFY `order_ID` int(30) NOT NULL AUTO_INCREMENT, AUTO_INCREMENT=96;
--
-- AUTO_INCREMENT for table `restaurants`
--
ALTER TABLE `restaurants`
  MODIFY `R_ID` int(30) NOT NULL AUTO_INCREMENT, AUTO_INCREMENT=7;
--
-- Constraints for dumped tables
--

--
-- Constraints for table `food`
--
ALTER TABLE `food`
  ADD CONSTRAINT `food_ibfk_1` FOREIGN KEY (`R_ID`) REFERENCES `restaurants` (`R_ID`);

--
-- Constraints for table `orders`
--
ALTER TABLE `orders`
  ADD CONSTRAINT `orders_ibfk_1` FOREIGN KEY (`F_ID`) REFERENCES `food` (`F_ID`),
  ADD CONSTRAINT `orders_ibfk_2` FOREIGN KEY (`username`) REFERENCES `customer` (`username`),
  ADD CONSTRAINT `orders_ibfk_3` FOREIGN KEY (`R_ID`) REFERENCES `restaurants` (`R_ID`);

--
-- Constraints for table `restaurants`
--
ALTER TABLE `restaurants`
  ADD CONSTRAINT `restaurants_ibfk_1` FOREIGN KEY (`M_ID`) REFERENCES `manager` (`username`);
COMMIT;

/*!40101 SET CHARACTER_SET_CLIENT=@OLD_CHARACTER_SET_CLIENT */;
/*!40101 SET CHARACTER_SET_RESULTS=@OLD_CHARACTER_SET_RESULTS */;
/*!40101 SET COLLATION_CONNECTION=@OLD_COLLATION_CONNECTION */;
